{"cameraMode":{"drawMode":0,"name":"Shaded","section":"Shading Mode"},"sceneLighting":false,"audioPlay":false,"sceneViewState":{"showFog":true,"showMaterialUpdate":false,"showSkybox":true,"showFlares":true,"showImageEffects":true,"showParticleSystems":true},"in2DMode":false,"pivot":{"x":-7.594570159912109,"y":-0.1588287353515625,"z":-7.916441440582275},"rotation":{"x":-0.20025137066841126,"y":0.7056130766868591,"z":-0.2196774035692215,"w":-0.6432545185089111},"size":81.71483612060547,"orthographic":false}