{"cameraMode":{"drawMode":0,"name":"Shaded","section":"Shading Mode"},"sceneLighting":false,"audioPlay":false,"sceneViewState":{"showFog":true,"showMaterialUpdate":false,"showSkybox":true,"showFlares":true,"showImageEffects":true,"showParticleSystems":true},"in2DMode":false,"pivot":{"x":-35.21056365966797,"y":-24.008453369140626,"z":15.778213500976563},"rotation":{"x":0.3232150077819824,"y":-0.4465024769306183,"z":0.17699305713176728,"w":0.8153781890869141},"size":119.39290618896485,"orthographic":false}